num_algo,n,temps_moyen
1,100,0.000081
2,100,0.000056
1,200,0.000305
2,200,0.000196
1,300,0.000630
2,300,0.000424
1,400,0.001440
2,400,0.000772
1,500,0.001936
2,500,0.001072
