num_algo,n,temps_moyen
1,10000,0.664138
2,10000,0.415816
1,20000,2.271193
2,20000,1.594415
