num_algo,n,temps_moyen
1,10000,0.624069
2,10000,0.401028
1,20000,2.475277
2,20000,1.773382
1,50000,15.778765
2,50000,12.670662
1,100000,45.204857
2,100000,34.070589
1,200000,240.910746
2,200000,116.590371
1,300000,356.140262
2,300000,293.310790
1,400000,780.811912
2,400000,478.927075
