num_algo,n,temps_moyen
1,10000,0.331276
2,10000,0.227958
1,20000,1.399249
2,20000,0.993204
1,50000,9.644675
2,50000,7.186489
1,100000,48.272483
2,100000,34.581852
1,200000,150.882230
2,200000,110.564662
1,500000,944.330642
2,500000,690.929088
1,1000000,3949.853491
2,1000000,2833.112619
