num_algo,n,temps_moyen
2,10000,0.426560
2,20000,1.086129
2,50000,5.682721
2,100000,22.844217
2,200000,91.128724
2,500000,567.291781
2,1000000,3409.190859
